{"cameraMode":{"drawMode":0,"name":"Shaded","section":"Shading Mode"},"sceneLighting":true,"audioPlay":false,"sceneViewState":{"m_AlwaysRefresh":false,"showFog":true,"showSkybox":true,"showFlares":true,"showImageEffects":true,"showParticleSystems":true,"showVisualEffectGraphs":true,"m_FxEnabled":false},"in2DMode":false,"pivot":{"x":26.13520622253418,"y":-1.4689582586288453,"z":-1.3601877689361573},"rotation":{"x":-0.09192409366369248,"y":0.032249633222818378,"z":0.003036274341866374,"w":0.9952906370162964},"size":1.1818310022354127,"orthographic":false}