{"cameraMode":{"drawMode":0,"name":"Shaded","section":"Shading Mode"},"sceneLighting":true,"audioPlay":false,"sceneViewState":{"m_AlwaysRefresh":false,"showFog":true,"showSkybox":true,"showFlares":true,"showImageEffects":true,"showParticleSystems":true,"showVisualEffectGraphs":true,"m_FxEnabled":false},"in2DMode":false,"pivot":{"x":-0.8950926065444946,"y":-3.0752153396606447,"z":3.5302581787109377},"rotation":{"x":-0.03355339914560318,"y":-0.05155600979924202,"z":-0.0016612474573776126,"w":0.998149573802948},"size":7.8246917724609379,"orthographic":false}