{"cameraMode":{"drawMode":0,"name":"Shaded","section":"Shading Mode"},"sceneLighting":true,"audioPlay":false,"sceneViewState":{"m_AlwaysRefresh":false,"showFog":true,"showSkybox":true,"showFlares":true,"showImageEffects":true,"showParticleSystems":true,"showVisualEffectGraphs":true,"m_FxEnabled":false},"in2DMode":false,"pivot":{"x":-2.995804786682129,"y":0.9715838432312012,"z":11.13111686706543},"rotation":{"x":-0.10018481314182282,"y":-0.05370175093412399,"z":-0.005415387451648712,"w":0.993505597114563},"size":10.431107521057129,"orthographic":false}