{"cameraMode":{"drawMode":0,"name":"Shaded","section":"Shading Mode"},"sceneLighting":true,"audioPlay":false,"sceneViewState":{"m_AlwaysRefresh":false,"showFog":true,"showSkybox":true,"showFlares":true,"showImageEffects":true,"showParticleSystems":true,"showVisualEffectGraphs":true,"m_FxEnabled":false},"in2DMode":false,"pivot":{"x":300.92169189453127,"y":155.54420471191407,"z":-1.0965347290039063},"rotation":{"x":0.0075002992525696758,"y":0.004499486647546291,"z":-0.000032533273042645305,"w":0.9999750852584839},"size":245.87506103515626,"orthographic":false}