{"cameraMode":{"drawMode":0,"name":"Shaded","section":"Shading Mode"},"sceneLighting":true,"audioPlay":false,"sceneViewState":{"m_AlwaysRefresh":false,"showFog":true,"showSkybox":true,"showFlares":true,"showImageEffects":true,"showParticleSystems":true,"showVisualEffectGraphs":true,"m_FxEnabled":false},"in2DMode":false,"pivot":{"x":23.133289337158204,"y":-7.419797897338867,"z":-7.385052680969238},"rotation":{"x":0.01949874684214592,"y":0.00149971479550004,"z":-0.00002924814725702163,"w":0.9998089671134949},"size":2.1354026794433595,"orthographic":false}